img_url,img_url_subdomain,lat,lng,tiles_x,tiles_y,img_height,img_width,start_date,end_date
http://ak.{subdomain}.tiles.virtualearth.net/tiles/be000321301020300-7-5-19-{tileId}.jpeg?g=6617&key=BING_API_KEY,t0,42.03,12.232958984375,4,3,512,512,20 Jul 2008 GMT,20 Jul 2008 GMT
http://ak.{subdomain}.tiles.virtualearth.net/tiles/be000321320012311-7-5-19-{tileId}.jpeg?g=6617&key=BING_API_KEY,t0,42.03,12.237078857421874,4,3,512,512,01 Aug 2008 GMT,01 Aug 2008 GMT
http://ak.{subdomain}.tiles.virtualearth.net/tiles/be000321301020321-7-5-19-{tileId}.jpeg?g=6617&key=BING_API_KEY,t0,42.03,12.24119873046875,4,3,512,512,20 Jul 2008 GMT,20 Jul 2008 GMT
http://ak.{subdomain}.tiles.virtualearth.net/tiles/be000321301020322-7-5-19-{tileId}.jpeg?g=6617&key=BING_API_KEY,t0,42.03,12.245318603515624,4,3,512,512,20 Jul 2008 GMT,20 Jul 2008 GMT
http://ak.{subdomain}.tiles.virtualearth.net/tiles/be000321301020323-7-5-19-{tileId}.jpeg?g=6617&key=BING_API_KEY,t0,42.03,12.2494384765625,4,3,512,512,20 Jul 2008 GMT,20 Jul 2008 GMT
http://ak.{subdomain}.tiles.virtualearth.net/tiles/be000321220120123-7-5-19-{tileId}.jpeg?g=6617&key=BING_API_KEY,t0,42.03,12.253558349609374,4,3,512,512,20 Jul 2008 GMT,20 Jul 2008 GMT
http://ak.{subdomain}.tiles.virtualearth.net/tiles/be000321301021330-7-5-19-{tileId}.jpeg?g=6617&key=BING_API_KEY,t0,42.03,12.25767822265625,4,3,512,512,20 Jul 2008 GMT,20 Jul 2008 GMT
http://ak.{subdomain}.tiles.virtualearth.net/tiles/be000321300021011-7-5-19-{tileId}.jpeg?g=6617&key=BING_API_KEY,t0,42.03,12.261798095703124,4,3,512,512,20 Jul 2008 GMT,20 Jul 2008 GMT
http://ak.{subdomain}.tiles.virtualearth.net/tiles/be000321300021031-7-5-19-{tileId}.jpeg?g=6617&key=BING_API_KEY,t0,42.03,12.26591796875,4,3,512,512,01 Aug 2008 GMT,01 Aug 2008 GMT
http://ak.{subdomain}.tiles.virtualearth.net/tiles/be000321300021032-7-5-19-{tileId}.jpeg?g=6617&key=BING_API_KEY,t0,42.03,12.270037841796874,4,3,512,512,01 Aug 2008 GMT,01 Aug 2008 GMT
http://ak.{subdomain}.tiles.virtualearth.net/tiles/be000321310112103-7-5-19-{tileId}.jpeg?g=6617&key=BING_API_KEY,t0,42.03,12.27415771484375,4,3,512,512,01 Aug 2008 GMT,01 Aug 2008 GMT
http://ak.{subdomain}.tiles.virtualearth.net/tiles/be000321212030023-7-5-19-{tileId}.jpeg?g=6617&key=BING_API_KEY,t0,42.03,12.278277587890624,4,3,512,512,02 Aug 2008 GMT,02 Aug 2008 GMT
http://ak.{subdomain}.tiles.virtualearth.net/tiles/be000321222232031-7-5-19-{tileId}.jpeg?g=6617&key=BING_API_KEY,t0,42.03,12.2823974609375,4,3,512,512,02 Aug 2008 GMT,02 Aug 2008 GMT
http://ak.{subdomain}.tiles.virtualearth.net/tiles/be000321232330320-7-5-19-{tileId}.jpeg?g=6617&key=BING_API_KEY,t0,42.03,12.286517333984374,4,3,512,512,20 Jul 2008 GMT,20 Jul 2008 GMT
http://ak.{subdomain}.tiles.virtualearth.net/tiles/be000321212030031-7-5-19-{tileId}.jpeg?g=6617&key=BING_API_KEY,t0,42.03,12.29063720703125,4,3,512,512,02 Aug 2008 GMT,02 Aug 2008 GMT
http://ak.{subdomain}.tiles.virtualearth.net/tiles/be000321321122201-7-5-19-{tileId}.jpeg?g=6617&key=BING_API_KEY,t0,42.03,12.294757080078124,4,3,512,512,02 Aug 2008 GMT,02 Aug 2008 GMT
http://ak.{subdomain}.tiles.virtualearth.net/tiles/be000321231310131-7-5-19-{tileId}.jpeg?g=6617&key=BING_API_KEY,t0,42.03,12.298876953125,4,3,512,512,02 Aug 2008 GMT,02 Aug 2008 GMT
http://ak.{subdomain}.tiles.virtualearth.net/tiles/be000321212030112-7-5-19-{tileId}.jpeg?g=6617&key=BING_API_KEY,t0,42.03,12.302996826171874,4,3,512,512,02 Aug 2008 GMT,02 Aug 2008 GMT
http://ak.{subdomain}.tiles.virtualearth.net/tiles/be000321310101232-7-5-19-{tileId}.jpeg?g=6617&key=BING_API_KEY,t0,42.03,12.30711669921875,4,3,512,512,02 Aug 2008 GMT,02 Aug 2008 GMT
http://ak.{subdomain}.tiles.virtualearth.net/tiles/be000321233023321-7-5-19-{tileId}.jpeg?g=6617&key=BING_API_KEY,t0,42.03,12.311236572265624,4,3,512,512,02 Aug 2008 GMT,02 Aug 2008 GMT
http://ak.{subdomain}.tiles.virtualearth.net/tiles/be000321220113123-7-5-19-{tileId}.jpeg?g=6617&key=BING_API_KEY,t0,42.03,12.3153564453125,4,3,512,512,02 Aug 2008 GMT,02 Aug 2008 GMT
http://ak.{subdomain}.tiles.virtualearth.net/tiles/be000321302100300-7-5-19-{tileId}.jpeg?g=6617&key=BING_API_KEY,t0,42.03,12.319476318359374,4,3,512,512,02 Aug 2008 GMT,02 Aug 2008 GMT
http://ak.{subdomain}.tiles.virtualearth.net/tiles/be000321302100312-7-5-19-{tileId}.jpeg?g=6617&key=BING_API_KEY,t0,42.03,12.32359619140625,4,3,512,512,02 Aug 2008 GMT,02 Aug 2008 GMT
http://ak.{subdomain}.tiles.virtualearth.net/tiles/be000321213110332-7-5-19-{tileId}.jpeg?g=6617&key=BING_API_KEY,t0,42.03,12.327716064453124,4,3,512,512,02 Aug 2008 GMT,02 Aug 2008 GMT
http://ak.{subdomain}.tiles.virtualearth.net/tiles/be000321211113012-7-5-19-{tileId}.jpeg?g=6617&key=BING_API_KEY,t0,42.03,12.3318359375,4,3,512,512,02 Aug 2008 GMT,02 Aug 2008 GMT
http://ak.{subdomain}.tiles.virtualearth.net/tiles/be000321313223301-7-5-19-{tileId}.jpeg?g=6617&key=BING_API_KEY,t0,42.03,12.335955810546874,4,3,512,512,02 Aug 2008 GMT,02 Aug 2008 GMT
http://ak.{subdomain}.tiles.virtualearth.net/tiles/be000321231312013-7-5-19-{tileId}.jpeg?g=6617&key=BING_API_KEY,t0,42.03,12.34007568359375,4,3,512,512,02 Aug 2008 GMT,02 Aug 2008 GMT
http://ak.{subdomain}.tiles.virtualearth.net/tiles/be000321213111011-7-5-19-{tileId}.jpeg?g=6617&key=BING_API_KEY,t0,42.03,12.344195556640624,4,3,512,512,02 Aug 2008 GMT,02 Aug 2008 GMT
http://ak.{subdomain}.tiles.virtualearth.net/tiles/be000321222233220-7-5-19-{tileId}.jpeg?g=6617&key=BING_API_KEY,t0,42.03,12.3483154296875,4,3,512,512,02 Aug 2008 GMT,02 Aug 2008 GMT
http://ak.{subdomain}.tiles.virtualearth.net/tiles/be000321310102300-7-5-19-{tileId}.jpeg?g=6617&key=BING_API_KEY,t0,42.03,12.352435302734374,4,3,512,512,02 Aug 2008 GMT,02 Aug 2008 GMT
http://ak.{subdomain}.tiles.virtualearth.net/tiles/be000321301110003-7-5-19-{tileId}.jpeg?g=6617&key=BING_API_KEY,t0,42.03,12.35655517578125,4,3,512,512,02 Aug 2008 GMT,02 Aug 2008 GMT
http://ak.{subdomain}.tiles.virtualearth.net/tiles/be000321310102301-7-5-19-{tileId}.jpeg?g=6617&key=BING_API_KEY,t0,42.03,12.360675048828124,4,3,512,512,02 Aug 2008 GMT,02 Aug 2008 GMT
http://ak.{subdomain}.tiles.virtualearth.net/tiles/be000321231313121-7-5-19-{tileId}.jpeg?g=6617&key=BING_API_KEY,t0,42.03,12.364794921875,4,3,512,512,02 Aug 2008 GMT,02 Aug 2008 GMT
http://ak.{subdomain}.tiles.virtualearth.net/tiles/be000321232330021-7-5-19-{tileId}.jpeg?g=6617&key=BING_API_KEY,t0,42.03,12.368914794921874,4,3,512,512,02 Aug 2008 GMT,02 Aug 2008 GMT
http://ak.{subdomain}.tiles.virtualearth.net/tiles/be000321212023103-7-5-19-{tileId}.jpeg?g=6617&key=BING_API_KEY,t0,42.03,12.37303466796875,4,3,512,512,02 Aug 2008 GMT,02 Aug 2008 GMT
http://ak.{subdomain}.tiles.virtualearth.net/tiles/be000321221211102-7-5-19-{tileId}.jpeg?g=6617&key=BING_API_KEY,t0,42.03,12.377154541015624,4,3,512,512,02 Aug 2008 GMT,02 Aug 2008 GMT
http://ak.{subdomain}.tiles.virtualearth.net/tiles/be000321221211103-7-5-19-{tileId}.jpeg?g=6617&key=BING_API_KEY,t0,42.03,12.3812744140625,4,3,512,512,02 Aug 2008 GMT,02 Aug 2008 GMT
http://ak.{subdomain}.tiles.virtualearth.net/tiles/be000321221211120-7-5-19-{tileId}.jpeg?g=6617&key=BING_API_KEY,t0,42.03,12.385394287109374,4,3,512,512,02 Aug 2008 GMT,02 Aug 2008 GMT
http://ak.{subdomain}.tiles.virtualearth.net/tiles/be000321321123201-7-5-19-{tileId}.jpeg?g=6617&key=BING_API_KEY,t0,42.03,12.38951416015625,4,3,512,512,02 Aug 2008 GMT,02 Aug 2008 GMT
http://ak.{subdomain}.tiles.virtualearth.net/tiles/be000321321123202-7-5-19-{tileId}.jpeg?g=6617&key=BING_API_KEY,t0,42.03,12.393634033203124,4,3,512,512,02 Aug 2008 GMT,02 Aug 2008 GMT
http://ak.{subdomain}.tiles.virtualearth.net/tiles/be000321212031100-7-5-19-{tileId}.jpeg?g=6617&key=BING_API_KEY,t0,42.03,12.39775390625,4,3,512,512,02 Aug 2008 GMT,02 Aug 2008 GMT
http://ak.{subdomain}.tiles.virtualearth.net/tiles/be000321211323223-7-5-19-{tileId}.jpeg?g=6617&key=BING_API_KEY,t0,42.03,12.401873779296874,4,3,512,512,02 Aug 2008 GMT,02 Aug 2008 GMT
http://ak.{subdomain}.tiles.virtualearth.net/tiles/be000321212031101-7-5-19-{tileId}.jpeg?g=6617&key=BING_API_KEY,t0,42.03,12.40599365234375,4,3,512,512,02 Aug 2008 GMT,02 Aug 2008 GMT
http://ak.{subdomain}.tiles.virtualearth.net/tiles/be000321211323230-7-5-19-{tileId}.jpeg?g=6617&key=BING_API_KEY,t0,42.03,12.410113525390624,4,3,512,512,02 Aug 2008 GMT,02 Aug 2008 GMT
http://ak.{subdomain}.tiles.virtualearth.net/tiles/be000321302101310-7-5-19-{tileId}.jpeg?g=6617&key=BING_API_KEY,t0,42.03,12.4142333984375,4,3,512,512,02 Aug 2008 GMT,02 Aug 2008 GMT
http://ak.{subdomain}.tiles.virtualearth.net/tiles/be000321212030010-7-5-19-{tileId}.jpeg?g=6617&key=BING_API_KEY,t0,42.03,12.418353271484374,4,3,512,512,02 Aug 2008 GMT,02 Aug 2008 GMT
http://ak.{subdomain}.tiles.virtualearth.net/tiles/be000321211330110-7-5-19-{tileId}.jpeg?g=6617&key=BING_API_KEY,t0,42.03,12.42247314453125,4,3,512,512,02 Aug 2008 GMT,02 Aug 2008 GMT
http://ak.{subdomain}.tiles.virtualearth.net/tiles/be000321212030011-7-5-19-{tileId}.jpeg?g=6617&key=BING_API_KEY,t0,42.03,12.426593017578124,4,3,512,512,02 Aug 2008 GMT,02 Aug 2008 GMT
http://ak.{subdomain}.tiles.virtualearth.net/tiles/be000321313230020-7-5-19-{tileId}.jpeg?g=6617&key=BING_API_KEY,t0,42.03,12.430712890625,4,3,512,512,02 Aug 2008 GMT,02 Aug 2008 GMT
http://ak.{subdomain}.tiles.virtualearth.net/tiles/be000321232001130-7-5-19-{tileId}.jpeg?g=6617&key=BING_API_KEY,t0,42.03,12.434832763671874,4,3,512,512,02 Aug 2008 GMT,02 Aug 2008 GMT
http://ak.{subdomain}.tiles.virtualearth.net/tiles/be000321232001131-7-5-19-{tileId}.jpeg?g=6617&key=BING_API_KEY,t0,42.03,12.43895263671875,4,3,512,512,02 Aug 2008 GMT,02 Aug 2008 GMT
http://ak.{subdomain}.tiles.virtualearth.net/tiles/be000321232001132-7-5-19-{tileId}.jpeg?g=6617&key=BING_API_KEY,t0,42.03,12.443072509765624,4,3,512,512,02 Aug 2008 GMT,02 Aug 2008 GMT
http://ak.{subdomain}.tiles.virtualearth.net/tiles/be000321320200002-7-5-19-{tileId}.jpeg?g=6617&key=BING_API_KEY,t0,42.03,12.4471923828125,4,3,512,512,02 Aug 2008 GMT,02 Aug 2008 GMT
http://ak.{subdomain}.tiles.virtualearth.net/tiles/be000321320200011-7-5-19-{tileId}.jpeg?g=6617&key=BING_API_KEY,t0,42.03,12.451312255859374,4,3,512,512,12 Aug 2008 GMT,12 Aug 2008 GMT
http://ak.{subdomain}.tiles.virtualearth.net/tiles/be000321320201001-7-5-19-{tileId}.jpeg?g=6617&key=BING_API_KEY,t0,42.03,12.45543212890625,4,3,512,512,12 Aug 2008 GMT,12 Aug 2008 GMT
http://ak.{subdomain}.tiles.virtualearth.net/tiles/be000321301111002-7-5-19-{tileId}.jpeg?g=6617&key=BING_API_KEY,t0,42.03,12.459552001953124,4,3,512,512,12 Aug 2008 GMT,12 Aug 2008 GMT
http://ak.{subdomain}.tiles.virtualearth.net/tiles/be000321231002220-7-5-19-{tileId}.jpeg?g=6617&key=BING_API_KEY,t0,42.03,12.463671875,4,3,512,512,12 Aug 2008 GMT,12 Aug 2008 GMT
http://ak.{subdomain}.tiles.virtualearth.net/tiles/be000321320201013-7-5-19-{tileId}.jpeg?g=6617&key=BING_API_KEY,t0,42.03,12.467791748046874,4,3,512,512,12 Aug 2008 GMT,12 Aug 2008 GMT
http://ak.{subdomain}.tiles.virtualearth.net/tiles/be000321231002323-7-5-19-{tileId}.jpeg?g=6617&key=BING_API_KEY,t0,42.03,12.47191162109375,4,3,512,512,12 Aug 2008 GMT,12 Aug 2008 GMT
http://ak.{subdomain}.tiles.virtualearth.net/tiles/be000321233322232-7-5-19-{tileId}.jpeg?g=6617&key=BING_API_KEY,t0,42.03,12.476031494140624,4,3,512,512,12 Aug 2008 GMT,12 Aug 2008 GMT
http://ak.{subdomain}.tiles.virtualearth.net/tiles/be000321233322233-7-5-19-{tileId}.jpeg?g=6617&key=BING_API_KEY,t0,42.03,12.4801513671875,4,3,512,512,12 Aug 2008 GMT,12 Aug 2008 GMT
http://ak.{subdomain}.tiles.virtualearth.net/tiles/be000321222232322-7-5-19-{tileId}.jpeg?g=6617&key=BING_API_KEY,t0,42.03,12.484271240234374,4,3,512,512,12 Aug 2008 GMT,12 Aug 2008 GMT
http://ak.{subdomain}.tiles.virtualearth.net/tiles/be000321211112331-7-5-19-{tileId}.jpeg?g=6617&key=BING_API_KEY,t0,42.03,12.48839111328125,4,3,512,512,12 Aug 2008 GMT,12 Aug 2008 GMT
http://ak.{subdomain}.tiles.virtualearth.net/tiles/be000321313231230-7-5-19-{tileId}.jpeg?g=6617&key=BING_API_KEY,t0,42.03,12.492510986328124,4,3,512,512,12 Aug 2008 GMT,12 Aug 2008 GMT
http://ak.{subdomain}.tiles.virtualearth.net/tiles/be000321320201312-7-5-19-{tileId}.jpeg?g=6617&key=BING_API_KEY,t0,42.03,12.496630859375,4,3,512,512,12 Aug 2008 GMT,12 Aug 2008 GMT
http://ak.{subdomain}.tiles.virtualearth.net/tiles/be000321231321211-7-5-19-{tileId}.jpeg?g=6617&key=BING_API_KEY,t0,42.03,12.500750732421874,4,3,512,512,12 Aug 2008 GMT,12 Aug 2008 GMT
http://ak.{subdomain}.tiles.virtualearth.net/tiles/be000321233323033-7-5-19-{tileId}.jpeg?g=6617&key=BING_API_KEY,t0,42.03,12.50487060546875,4,3,512,512,12 Aug 2008 GMT,12 Aug 2008 GMT
http://ak.{subdomain}.tiles.virtualearth.net/tiles/be000321233030333-7-5-19-{tileId}.jpeg?g=6617&key=BING_API_KEY,t0,42.03,12.508990478515624,4,3,512,512,12 Aug 2008 GMT,12 Aug 2008 GMT
http://ak.{subdomain}.tiles.virtualearth.net/tiles/be000321233323300-7-5-19-{tileId}.jpeg?g=6617&key=BING_API_KEY,t0,42.03,12.5131103515625,4,3,512,512,12 Aug 2008 GMT,12 Aug 2008 GMT
http://ak.{subdomain}.tiles.virtualearth.net/tiles/be000321233031000-7-5-19-{tileId}.jpeg?g=6617&key=BING_API_KEY,t0,42.03,12.517230224609374,4,3,512,512,12 Aug 2008 GMT,12 Aug 2008 GMT
http://ak.{subdomain}.tiles.virtualearth.net/tiles/be000321212031012-7-5-19-{tileId}.jpeg?g=6617&key=BING_API_KEY,t0,42.03,12.52135009765625,4,3,512,512,12 Aug 2008 GMT,12 Aug 2008 GMT
http://ak.{subdomain}.tiles.virtualearth.net/tiles/be000321212031013-7-5-19-{tileId}.jpeg?g=6617&key=BING_API_KEY,t0,42.03,12.525469970703124,4,3,512,512,12 Aug 2008 GMT,12 Aug 2008 GMT
http://ak.{subdomain}.tiles.virtualearth.net/tiles/be000321212032100-7-5-19-{tileId}.jpeg?g=6617&key=BING_API_KEY,t0,42.03,12.52958984375,4,3,512,512,12 Aug 2008 GMT,12 Aug 2008 GMT
http://ak.{subdomain}.tiles.virtualearth.net/tiles/be000321232310122-7-5-19-{tileId}.jpeg?g=6617&key=BING_API_KEY,t0,42.03,12.533709716796874,4,3,512,512,12 Aug 2008 GMT,12 Aug 2008 GMT
http://ak.{subdomain}.tiles.virtualearth.net/tiles/be000321212032031-7-5-19-{tileId}.jpeg?g=6617&key=BING_API_KEY,t0,42.03,12.53782958984375,4,3,512,512,12 Aug 2008 GMT,12 Aug 2008 GMT
http://ak.{subdomain}.tiles.virtualearth.net/tiles/be000321212032032-7-5-19-{tileId}.jpeg?g=6617&key=BING_API_KEY,t0,42.03,12.541949462890624,4,3,512,512,12 Aug 2008 GMT,12 Aug 2008 GMT
http://ak.{subdomain}.tiles.virtualearth.net/tiles/be000321232310332-7-5-19-{tileId}.jpeg?g=6617&key=BING_API_KEY,t0,42.03,12.5460693359375,4,3,512,512,12 Aug 2008 GMT,12 Aug 2008 GMT
http://ak.{subdomain}.tiles.virtualearth.net/tiles/be000321231320211-7-5-19-{tileId}.jpeg?g=6617&key=BING_API_KEY,t0,42.03,12.550189208984374,4,3,512,512,12 Aug 2008 GMT,12 Aug 2008 GMT
http://ak.{subdomain}.tiles.virtualearth.net/tiles/be000321231002302-7-5-19-{tileId}.jpeg?g=6617&key=BING_API_KEY,t0,42.03,12.55430908203125,4,3,512,512,12 Aug 2008 GMT,12 Aug 2008 GMT
http://ak.{subdomain}.tiles.virtualearth.net/tiles/be000321231003123-7-5-19-{tileId}.jpeg?g=6617&key=BING_API_KEY,t0,42.03,12.558428955078124,4,3,512,512,12 Aug 2008 GMT,12 Aug 2008 GMT
http://ak.{subdomain}.tiles.virtualearth.net/tiles/be000321231003131-7-5-19-{tileId}.jpeg?g=6617&key=BING_API_KEY,t0,42.03,12.562548828125,4,3,512,512,12 Aug 2008 GMT,12 Aug 2008 GMT
http://ak.{subdomain}.tiles.virtualearth.net/tiles/be000321310203210-7-5-19-{tileId}.jpeg?g=6617&key=BING_API_KEY,t0,42.03,12.566668701171874,4,3,512,512,12 Aug 2008 GMT,12 Aug 2008 GMT
http://ak.{subdomain}.tiles.virtualearth.net/tiles/be000321212113002-7-5-19-{tileId}.jpeg?g=6617&key=BING_API_KEY,t0,42.03,12.57078857421875,4,3,512,512,12 Aug 2008 GMT,12 Aug 2008 GMT
http://ak.{subdomain}.tiles.virtualearth.net/tiles/be000321211120330-7-5-19-{tileId}.jpeg?g=6617&key=BING_API_KEY,t0,42.03,12.574908447265624,4,3,512,512,12 Aug 2008 GMT,12 Aug 2008 GMT
http://ak.{subdomain}.tiles.virtualearth.net/tiles/be000321223300330-7-5-19-{tileId}.jpeg?g=6617&key=BING_API_KEY,t0,42.03,12.5790283203125,4,3,512,512,12 Aug 2008 GMT,12 Aug 2008 GMT
http://ak.{subdomain}.tiles.virtualearth.net/tiles/be000321220011033-7-5-19-{tileId}.jpeg?g=6617&key=BING_API_KEY,t0,42.03,12.583148193359374,4,3,512,512,12 Aug 2008 GMT,12 Aug 2008 GMT
http://ak.{subdomain}.tiles.virtualearth.net/tiles/be000321320130222-7-5-19-{tileId}.jpeg?g=6617&key=BING_API_KEY,t0,42.03,12.58726806640625,4,3,512,512,12 Aug 2008 GMT,12 Aug 2008 GMT
http://ak.{subdomain}.tiles.virtualearth.net/tiles/be000321223300332-7-5-19-{tileId}.jpeg?g=6617&key=BING_API_KEY,t0,42.03,12.591387939453124,4,3,512,512,12 Aug 2008 GMT,12 Aug 2008 GMT
http://ak.{subdomain}.tiles.virtualearth.net/tiles/be000321320002331-7-5-19-{tileId}.jpeg?g=6617&key=BING_API_KEY,t0,42.03,12.5955078125,4,3,512,512,12 Aug 2008 GMT,12 Aug 2008 GMT
http://ak.{subdomain}.tiles.virtualearth.net/tiles/be000321310132230-7-5-19-{tileId}.jpeg?g=6617&key=BING_API_KEY,t0,42.03,12.599627685546874,4,3,512,512,12 Aug 2008 GMT,12 Aug 2008 GMT
http://ak.{subdomain}.tiles.virtualearth.net/tiles/be000321231303021-7-5-19-{tileId}.jpeg?g=6617&key=BING_API_KEY,t0,42.03,12.60374755859375,4,3,512,512,12 Aug 2008 GMT,12 Aug 2008 GMT
http://ak.{subdomain}.tiles.virtualearth.net/tiles/be000321320131032-7-5-19-{tileId}.jpeg?g=6617&key=BING_API_KEY,t0,42.03,12.607867431640624,4,3,512,512,12 Aug 2008 GMT,12 Aug 2008 GMT
http://ak.{subdomain}.tiles.virtualearth.net/tiles/be000321302213223-7-5-19-{tileId}.jpeg?g=6617&key=BING_API_KEY,t0,42.03,12.6119873046875,4,3,512,512,12 Aug 2008 GMT,12 Aug 2008 GMT
http://ak.{subdomain}.tiles.virtualearth.net/tiles/be000321302213230-7-5-19-{tileId}.jpeg?g=6617&key=BING_API_KEY,t0,42.03,12.616107177734374,4,3,512,512,12 Aug 2008 GMT,12 Aug 2008 GMT
http://ak.{subdomain}.tiles.virtualearth.net/tiles/be000321302213231-7-5-19-{tileId}.jpeg?g=6617&key=BING_API_KEY,t0,42.03,12.62022705078125,4,3,512,512,12 Aug 2008 GMT,12 Aug 2008 GMT
http://ak.{subdomain}.tiles.virtualearth.net/tiles/be000321230302331-7-5-19-{tileId}.jpeg?g=6617&key=BING_API_KEY,t0,42.03,12.624346923828124,4,3,512,512,12 Aug 2008 GMT,12 Aug 2008 GMT
http://ak.{subdomain}.tiles.virtualearth.net/tiles/be000321220112022-8-6-19-{tileId}.jpeg?g=6617&key=BING_API_KEY,t0,42.03,12.628466796875,4,3,512,512,20 Apr 2006 GMT,20 Apr 2006 GMT
http://ak.{subdomain}.tiles.virtualearth.net/tiles/be000321331120133-8-6-19-{tileId}.jpeg?g=6617&key=BING_API_KEY,t0,42.03,12.698504638671874,4,3,512,512,17 May 2006 GMT,17 May 2006 GMT
http://ak.{subdomain}.tiles.virtualearth.net/tiles/be000321331120133-8-6-19-{tileId}.jpeg?g=6617&key=BING_API_KEY,t0,42.03,12.70262451171875,4,3,512,512,17 May 2006 GMT,17 May 2006 GMT
http://ak.{subdomain}.tiles.virtualearth.net/tiles/be000321331121030-8-6-19-{tileId}.jpeg?g=6617&key=BING_API_KEY,t0,42.03,12.706744384765624,4,3,512,512,17 May 2006 GMT,17 May 2006 GMT
http://ak.{subdomain}.tiles.virtualearth.net/tiles/be000321331121031-8-6-19-{tileId}.jpeg?g=6617&key=BING_API_KEY,t0,42.03,12.7108642578125,4,3,512,512,17 May 2006 GMT,17 May 2006 GMT
http://ak.{subdomain}.tiles.virtualearth.net/tiles/be000321331121032-8-6-19-{tileId}.jpeg?g=6617&key=BING_API_KEY,t0,42.03,12.714984130859374,4,3,512,512,17 May 2006 GMT,17 May 2006 GMT
http://ak.{subdomain}.tiles.virtualearth.net/tiles/be000321331121033-8-6-19-{tileId}.jpeg?g=6617&key=BING_API_KEY,t0,42.03,12.71910400390625,4,3,512,512,17 May 2006 GMT,17 May 2006 GMT
http://ak.{subdomain}.tiles.virtualearth.net/tiles/be000321331122221-8-6-19-{tileId}.jpeg?g=6617&key=BING_API_KEY,t0,42.03,12.723223876953124,4,3,512,512,17 May 2006 GMT,17 May 2006 GMT
http://ak.{subdomain}.tiles.virtualearth.net/tiles/be000321331122221-8-6-19-{tileId}.jpeg?g=6617&key=BING_API_KEY,t0,42.03,12.72734375,4,3,512,512,17 May 2006 GMT,17 May 2006 GMT
http://ak.{subdomain}.tiles.virtualearth.net/tiles/be000321331122222-8-6-19-{tileId}.jpeg?g=6617&key=BING_API_KEY,t0,42.03,12.731463623046874,4,3,512,512,17 May 2006 GMT,17 May 2006 GMT
http://ak.{subdomain}.tiles.virtualearth.net/tiles/be000321331122223-8-6-19-{tileId}.jpeg?g=6617&key=BING_API_KEY,t0,42.03,12.73558349609375,4,3,512,512,17 May 2006 GMT,17 May 2006 GMT
http://ak.{subdomain}.tiles.virtualearth.net/tiles/be000321331122230-8-6-19-{tileId}.jpeg?g=6617&key=BING_API_KEY,t0,42.03,12.739703369140624,4,3,512,512,17 May 2006 GMT,17 May 2006 GMT
http://ak.{subdomain}.tiles.virtualearth.net/tiles/be000321331130003-8-6-19-{tileId}.jpeg?g=6617&key=BING_API_KEY,t0,42.03,12.7438232421875,4,3,512,512,17 May 2006 GMT,17 May 2006 GMT
http://ak.{subdomain}.tiles.virtualearth.net/tiles/be000321331130010-8-6-19-{tileId}.jpeg?g=6617&key=BING_API_KEY,t0,42.03,12.747943115234374,4,3,512,512,17 May 2006 GMT,17 May 2006 GMT
http://ak.{subdomain}.tiles.virtualearth.net/tiles/be000321331130010-8-6-19-{tileId}.jpeg?g=6617&key=BING_API_KEY,t0,42.03,12.75206298828125,4,3,512,512,17 May 2006 GMT,17 May 2006 GMT
http://ak.{subdomain}.tiles.virtualearth.net/tiles/be000321331130011-8-6-19-{tileId}.jpeg?g=6617&key=BING_API_KEY,t0,42.03,12.756182861328124,4,3,512,512,17 May 2006 GMT,17 May 2006 GMT
http://ak.{subdomain}.tiles.virtualearth.net/tiles/be000321331130012-8-6-19-{tileId}.jpeg?g=6617&key=BING_API_KEY,t0,42.03,12.760302734375,4,3,512,512,17 May 2006 GMT,17 May 2006 GMT
http://ak.{subdomain}.tiles.virtualearth.net/tiles/be000321331131201-8-6-19-{tileId}.jpeg?g=6617&key=BING_API_KEY,t0,42.03,12.764422607421874,4,3,512,512,17 May 2006 GMT,17 May 2006 GMT
http://ak.{subdomain}.tiles.virtualearth.net/tiles/be000321331131202-8-6-19-{tileId}.jpeg?g=6617&key=BING_API_KEY,t0,42.03,12.76854248046875,4,3,512,512,17 May 2006 GMT,17 May 2006 GMT
http://ak.{subdomain}.tiles.virtualearth.net/tiles/be000321331131203-8-6-19-{tileId}.jpeg?g=6617&key=BING_API_KEY,t0,42.03,12.772662353515624,4,3,512,512,17 May 2006 GMT,17 May 2006 GMT
http://ak.{subdomain}.tiles.virtualearth.net/tiles/be000321331131203-8-6-19-{tileId}.jpeg?g=6617&key=BING_API_KEY,t0,42.03,12.7767822265625,4,3,512,512,17 May 2006 GMT,17 May 2006 GMT
http://ak.{subdomain}.tiles.virtualearth.net/tiles/be000321331131210-8-6-19-{tileId}.jpeg?g=6617&key=BING_API_KEY,t0,42.03,12.780902099609374,4,3,512,512,17 May 2006 GMT,17 May 2006 GMT
http://ak.{subdomain}.tiles.virtualearth.net/tiles/be000321331132211-8-6-19-{tileId}.jpeg?g=6617&key=BING_API_KEY,t0,42.03,12.78502197265625,4,3,512,512,17 May 2006 GMT,17 May 2006 GMT
http://ak.{subdomain}.tiles.virtualearth.net/tiles/be000321220120110-7-5-19-{tileId}.jpeg?g=6617&key=BING_API_KEY,t0,42.02693978150531,12.232958984375,4,3,512,512,01 Aug 2008 GMT,01 Aug 2008 GMT
http://ak.{subdomain}.tiles.virtualearth.net/tiles/be000321303112320-7-5-19-{tileId}.jpeg?g=6617&key=BING_API_KEY,t0,42.02693978150531,12.237078857421874,4,3,512,512,01 Aug 2008 GMT,01 Aug 2008 GMT
http://ak.{subdomain}.tiles.virtualearth.net/tiles/be000321220110331-8-6-19-{tileId}.jpeg?g=6617&key=BING_API_KEY,t0,42.02693978150531,12.24119873046875,4,3,512,512,22 May 2006 GMT,22 May 2006 GMT
http://ak.{subdomain}.tiles.virtualearth.net/tiles/be000321220110332-8-6-19-{tileId}.jpeg?g=6617&key=BING_API_KEY,t0,42.02693978150531,12.245318603515624,4,3,512,512,22 May 2006 GMT,22 May 2006 GMT
http://ak.{subdomain}.tiles.virtualearth.net/tiles/be000321320013012-7-5-19-{tileId}.jpeg?g=6617&key=BING_API_KEY,t0,42.02693978150531,12.2494384765625,4,3,512,512,01 Aug 2008 GMT,01 Aug 2008 GMT
http://ak.{subdomain}.tiles.virtualearth.net/tiles/be000321320013013-7-5-19-{tileId}.jpeg?g=6617&key=BING_API_KEY,t0,42.02693978150531,12.253558349609374,4,3,512,512,01 Aug 2008 GMT,01 Aug 2008 GMT
http://ak.{subdomain}.tiles.virtualearth.net/tiles/be000321220121013-7-5-19-{tileId}.jpeg?g=6617&key=BING_API_KEY,t0,42.02693978150531,12.25767822265625,4,3,512,512,01 Aug 2008 GMT,01 Aug 2008 GMT
http://ak.{subdomain}.tiles.virtualearth.net/tiles/be000321321231301-7-5-19-{tileId}.jpeg?g=6617&key=BING_API_KEY,t0,42.02693978150531,12.261798095703124,4,3,512,512,01 Aug 2008 GMT,01 Aug 2008 GMT
http://ak.{subdomain}.tiles.virtualearth.net/tiles/be000321300021111-7-5-19-{tileId}.jpeg?g=6617&key=BING_API_KEY,t0,42.02693978150531,12.26591796875,4,3,512,512,01 Aug 2008 GMT,01 Aug 2008 GMT
http://ak.{subdomain}.tiles.virtualearth.net/tiles/be000321232000022-7-5-19-{tileId}.jpeg?g=6617&key=BING_API_KEY,t0,42.02693978150531,12.270037841796874,4,3,512,512,01 Aug 2008 GMT,01 Aug 2008 GMT
http://ak.{subdomain}.tiles.virtualearth.net/tiles/be000321213110311-7-5-19-{tileId}.jpeg?g=6617&key=BING_API_KEY,t0,42.02693978150531,12.27415771484375,4,3,512,512,02 Aug 2008 GMT,02 Aug 2008 GMT
http://ak.{subdomain}.tiles.virtualearth.net/tiles/be000321313223201-7-5-19-{tileId}.jpeg?g=6617&key=BING_API_KEY,t0,42.02693978150531,12.278277587890624,4,3,512,512,01 Aug 2008 GMT,01 Aug 2008 GMT
http://ak.{subdomain}.tiles.virtualearth.net/tiles/be000321313223203-7-5-19-{tileId}.jpeg?g=6617&key=BING_API_KEY,t0,42.02693978150531,12.2823974609375,4,3,512,512,01 Aug 2008 GMT,01 Aug 2008 GMT
http://ak.{subdomain}.tiles.virtualearth.net/tiles/be000321231310100-7-5-19-{tileId}.jpeg?g=6617&key=BING_API_KEY,t0,42.02693978150531,12.286517333984374,4,3,512,512,01 Aug 2008 GMT,01 Aug 2008 GMT
http://ak.{subdomain}.tiles.virtualearth.net/tiles/be000321232000320-7-5-19-{tileId}.jpeg?g=6617&key=BING_API_KEY,t0,42.02693978150531,12.29063720703125,4,3,512,512,02 Aug 2008 GMT,02 Aug 2008 GMT
http://ak.{subdomain}.tiles.virtualearth.net/tiles/be000321321122230-7-5-19-{tileId}.jpeg?g=6617&key=BING_API_KEY,t0,42.02693978150531,12.294757080078124,4,3,512,512,02 Aug 2008 GMT,02 Aug 2008 GMT
http://ak.{subdomain}.tiles.virtualearth.net/tiles/be000321310101311-7-5-19-{tileId}.jpeg?g=6617&key=BING_API_KEY,t0,42.02693978150531,12.298876953125,4,3,512,512,01 Aug 2008 GMT,01 Aug 2008 GMT
http://ak.{subdomain}.tiles.virtualearth.net/tiles/be000321222233030-7-5-19-{tileId}.jpeg?g=6617&key=BING_API_KEY,t0,42.02693978150531,12.302996826171874,4,3,512,512,01 Aug 2008 GMT,01 Aug 2008 GMT
http://ak.{subdomain}.tiles.virtualearth.net/tiles/be000321222233032-7-5-19-{tileId}.jpeg?g=6617&key=BING_API_KEY,t0,42.02693978150531,12.30711669921875,4,3,512,512,01 Aug 2008 GMT,01 Aug 2008 GMT
http://ak.{subdomain}.tiles.virtualearth.net/tiles/be000321321122232-7-5-19-{tileId}.jpeg?g=6617&key=BING_API_KEY,t0,42.02693978150531,12.311236572265624,4,3,512,512,01 Aug 2008 GMT,01 Aug 2008 GMT
http://ak.{subdomain}.tiles.virtualearth.net/tiles/be000321313223231-7-5-19-{tileId}.jpeg?g=6617&key=BING_API_KEY,t0,42.02693978150531,12.3153564453125,4,3,512,512,02 Aug 2008 GMT,02 Aug 2008 GMT
http://ak.{subdomain}.tiles.virtualearth.net/tiles/be000321221203032-7-5-19-{tileId}.jpeg?g=6617&key=BING_API_KEY,t0,42.02693978150531,12.319476318359374,4,3,512,512,02 Aug 2008 GMT,02 Aug 2008 GMT
http://ak.{subdomain}.tiles.virtualearth.net/tiles/be000321220113133-7-5-19-{tileId}.jpeg?g=6617&key=BING_API_KEY,t0,42.02693978150531,12.32359619140625,4,3,512,512,01 Aug 2008 GMT,01 Aug 2008 GMT
http://ak.{subdomain}.tiles.virtualearth.net/tiles/be000321220113201-7-5-19-{tileId}.jpeg?g=6617&key=BING_API_KEY,t0,42.02693978150531,12.327716064453124,4,3,512,512,01 Aug 2008 GMT,01 Aug 2008 GMT
http://ak.{subdomain}.tiles.virtualearth.net/tiles/be000321302101003-7-5-19-{tileId}.jpeg?g=6617&key=BING_API_KEY,t0,42.02693978150531,12.3318359375,4,3,512,512,01 Aug 2008 GMT,01 Aug 2008 GMT
http://ak.{subdomain}.tiles.virtualearth.net/tiles/be000321221203200-7-5-19-{tileId}.jpeg?g=6617&key=BING_API_KEY,t0,42.02693978150531,12.335955810546874,4,3,512,512,02 Aug 2008 GMT,02 Aug 2008 GMT
http://ak.{subdomain}.tiles.virtualearth.net/tiles/be000321301103231-7-5-19-{tileId}.jpeg?g=6617&key=BING_API_KEY,t0,42.02693978150531,12.34007568359375,4,3,512,512,02 Aug 2008 GMT,02 Aug 2008 GMT
http://ak.{subdomain}.tiles.virtualearth.net/tiles/be000321310112022-7-5-19-{tileId}.jpeg?g=6617&key=BING_API_KEY,t0,42.02693978150531,12.344195556640624,4,3,512,512,01 Aug 2008 GMT,01 Aug 2008 GMT
http://ak.{subdomain}.tiles.virtualearth.net/tiles/be000321310112123-7-5-19-{tileId}.jpeg?g=6617&key=BING_API_KEY,t0,42.02693978150531,12.3483154296875,4,3,512,512,01 Aug 2008 GMT,01 Aug 2008 GMT
http://ak.{subdomain}.tiles.virtualearth.net/tiles/be000321220031131-7-5-19-{tileId}.jpeg?g=6617&key=BING_API_KEY,t0,42.02693978150531,12.352435302734374,4,3,512,512,01 Aug 2008 GMT,01 Aug 2008 GMT
http://ak.{subdomain}.tiles.virtualearth.net/tiles/be000321231310323-7-5-19-{tileId}.jpeg?g=6617&key=BING_API_KEY,t0,42.02693978150531,12.35655517578125,4,3,512,512,01 Aug 2008 GMT,01 Aug 2008 GMT
http://ak.{subdomain}.tiles.virtualearth.net/tiles/be000321313230103-7-5-19-{tileId}.jpeg?g=6617&key=BING_API_KEY,t0,42.02693978150531,12.360675048828124,4,3,512,512,02 Aug 2008 GMT,02 Aug 2008 GMT
http://ak.{subdomain}.tiles.virtualearth.net/tiles/be000321210021212-7-5-19-{tileId}.jpeg?g=6617&key=BING_API_KEY,t0,42.02693978150531,12.364794921875,4,3,512,512,01 Aug 2008 GMT,01 Aug 2008 GMT
http://ak.{subdomain}.tiles.virtualearth.net/tiles/be000321210021213-7-5-19-{tileId}.jpeg?g=6617&key=BING_API_KEY,t0,42.02693978150531,12.368914794921874,4,3,512,512,01 Aug 2008 GMT,01 Aug 2008 GMT
http://ak.{subdomain}.tiles.virtualearth.net/tiles/be000321232001333-7-5-19-{tileId}.jpeg?g=6617&key=BING_API_KEY,t0,42.02693978150531,12.37303466796875,4,3,512,512,01 Aug 2008 GMT,01 Aug 2008 GMT
http://ak.{subdomain}.tiles.virtualearth.net/tiles/be000321221211202-7-5-19-{tileId}.jpeg?g=6617&key=BING_API_KEY,t0,42.02693978150531,12.377154541015624,4,3,512,512,02 Aug 2008 GMT,02 Aug 2008 GMT
http://ak.{subdomain}.tiles.virtualearth.net/tiles/be000321221211203-7-5-19-{tileId}.jpeg?g=6617&key=BING_API_KEY,t0,42.02693978150531,12.3812744140625,4,3,512,512,01 Aug 2008 GMT,01 Aug 2008 GMT
http://ak.{subdomain}.tiles.virtualearth.net/tiles/be000321220030211-7-5-19-{tileId}.jpeg?g=6617&key=BING_API_KEY,t0,42.02693978150531,12.385394287109374,4,3,512,512,02 Aug 2008 GMT,02 Aug 2008 GMT
http://ak.{subdomain}.tiles.virtualearth.net/tiles/be000321313223321-7-5-19-{tileId}.jpeg?g=6617&key=BING_API_KEY,t0,42.02693978150531,12.38951416015625,4,3,512,512,01 Aug 2008 GMT,01 Aug 2008 GMT
http://ak.{subdomain}.tiles.virtualearth.net/tiles/be000321212031103-7-5-19-{tileId}.jpeg?g=6617&key=BING_API_KEY,t0,42.02693978150531,12.393634033203124,4,3,512,512,01 Aug 2008 GMT,01 Aug 2008 GMT
http://ak.{subdomain}.tiles.virtualearth.net/tiles/be000321212031110-7-5-19-{tileId}.jpeg?g=6617&key=BING_API_KEY,t0,42.02693978150531,12.39775390625,4,3,512,512,01 Aug 2008 GMT,01 Aug 2008 GMT
http://ak.{subdomain}.tiles.virtualearth.net/tiles/be000321232330122-7-5-19-{tileId}.jpeg?g=6617&key=BING_API_KEY,t0,42.02693978150531,12.401873779296874,4,3,512,512,02 Aug 2008 GMT,02 Aug 2008 GMT
http://ak.{subdomain}.tiles.virtualearth.net/tiles/be000321232330130-7-5-19-{tileId}.jpeg?g=6617&key=BING_API_KEY,t0,42.02693978150531,12.40599365234375,4,3,512,512,02 Aug 2008 GMT,02 Aug 2008 GMT
http://ak.{subdomain}.tiles.virtualearth.net/tiles/be000321211323321-7-5-19-{tileId}.jpeg?g=6617&key=BING_API_KEY,t0,42.02693978150531,12.410113525390624,4,3,512,512,01 Aug 2008 GMT,01 Aug 2008 GMT
http://ak.{subdomain}.tiles.virtualearth.net/tiles/be000321211330200-7-5-19-{tileId}.jpeg?g=6617&key=BING_API_KEY,t0,42.02693978150531,12.4142333984375,4,3,512,512,01 Aug 2008 GMT,01 Aug 2008 GMT
http://ak.{subdomain}.tiles.virtualearth.net/tiles/be000321233030022-7-5-19-{tileId}.jpeg?g=6617&key=BING_API_KEY,t0,42.02693978150531,12.418353271484374,4,3,512,512,01 Aug 2008 GMT,01 Aug 2008 GMT
http://ak.{subdomain}.tiles.virtualearth.net/tiles/be000321211330201-7-5-19-{tileId}.jpeg?g=6617&key=BING_API_KEY,t0,42.02693978150531,12.42247314453125,4,3,512,512,02 Aug 2008 GMT,02 Aug 2008 GMT
http://ak.{subdomain}.tiles.virtualearth.net/tiles/be000321211330202-7-5-19-{tileId}.jpeg?g=6617&key=BING_API_KEY,t0,42.02693978150531,12.426593017578124,4,3,512,512,02 Aug 2008 GMT,02 Aug 2008 GMT
http://ak.{subdomain}.tiles.virtualearth.net/tiles/be000321232001213-7-5-19-{tileId}.jpeg?g=6617&key=BING_API_KEY,t0,42.02693978150531,12.430712890625,4,3,512,512,01 Aug 2008 GMT,01 Aug 2008 GMT
http://ak.{subdomain}.tiles.virtualearth.net/tiles/be000321232001221-7-5-19-{tileId}.jpeg?g=6617&key=BING_API_KEY,t0,42.02693978150531,12.434832763671874,4,3,512,512,01 Aug 2008 GMT,01 Aug 2008 GMT
http://ak.{subdomain}.tiles.virtualearth.net/tiles/be000321320200213-7-5-19-{tileId}.jpeg?g=6617&key=BING_API_KEY,t0,42.02693978150531,12.43895263671875,4,3,512,512,01 Aug 2008 GMT,01 Aug 2008 GMT
http://ak.{subdomain}.tiles.virtualearth.net/tiles/be000321231313103-7-5-19-{tileId}.jpeg?g=6617&key=BING_API_KEY,t0,42.02693978150531,12.443072509765624,4,3,512,512,02 Aug 2008 GMT,02 Aug 2008 GMT
http://ak.{subdomain}.tiles.virtualearth.net/tiles/be000321320200221-7-5-19-{tileId}.jpeg?g=6617&key=BING_API_KEY,t0,42.02693978150531,12.4471923828125,4,3,512,512,12 Aug 2008 GMT,12 Aug 2008 GMT
http://ak.{subdomain}.tiles.virtualearth.net/tiles/be000321302101020-7-5-19-{tileId}.jpeg?g=6617&key=BING_API_KEY,t0,42.02693978150531,12.451312255859374,4,3,512,512,02 Aug 2008 GMT,02 Aug 2008 GMT
http://ak.{subdomain}.tiles.virtualearth.net/tiles/be000321221202123-7-5-19-{tileId}.jpeg?g=6617&key=BING_API_KEY,t0,42.02693978150531,12.45543212890625,4,3,512,512,12 Aug 2008 GMT,12 Aug 2008 GMT
http://ak.{subdomain}.tiles.virtualearth.net/tiles/be000321210021200-7-5-19-{tileId}.jpeg?g=6617&key=BING_API_KEY,t0,42.02693978150531,12.459552001953124,4,3,512,512,12 Aug 2008 GMT,12 Aug 2008 GMT
http://ak.{subdomain}.tiles.virtualearth.net/tiles/be000321210021201-7-5-19-{tileId}.jpeg?g=6617&key=BING_API_KEY,t0,42.02693978150531,12.463671875,4,3,512,512,12 Aug 2008 GMT,12 Aug 2008 GMT
http://ak.{subdomain}.tiles.virtualearth.net/tiles/be000321210022211-7-5-19-{tileId}.jpeg?g=6617&key=BING_API_KEY,t0,42.02693978150531,12.467791748046874,4,3,512,512,12 Aug 2008 GMT,12 Aug 2008 GMT
http://ak.{subdomain}.tiles.virtualearth.net/tiles/be000321222233000-7-5-19-{tileId}.jpeg?g=6617&key=BING_API_KEY,t0,42.02693978150531,12.47191162109375,4,3,512,512,12 Aug 2008 GMT,12 Aug 2008 GMT
http://ak.{subdomain}.tiles.virtualearth.net/tiles/be000321313231102-7-5-19-{tileId}.jpeg?g=6617&key=BING_API_KEY,t0,42.02693978150531,12.476031494140624,4,3,512,512,12 Aug 2008 GMT,12 Aug 2008 GMT
http://ak.{subdomain}.tiles.virtualearth.net/tiles/be000321313232222-7-5-19-{tileId}.jpeg?g=6617&key=BING_API_KEY,t0,42.02693978150531,12.4801513671875,4,3,512,512,12 Aug 2008 GMT,12 Aug 2008 GMT
http://ak.{subdomain}.tiles.virtualearth.net/tiles/be000321313231103-7-5-19-{tileId}.jpeg?g=6617&key=BING_API_KEY,t0,42.02693978150531,12.484271240234374,4,3,512,512,12 Aug 2008 GMT,12 Aug 2008 GMT
http://ak.{subdomain}.tiles.virtualearth.net/tiles/be000321210023112-7-5-19-{tileId}.jpeg?g=6617&key=BING_API_KEY,t0,42.02693978150531,12.48839111328125,4,3,512,512,12 Aug 2008 GMT,12 Aug 2008 GMT
http://ak.{subdomain}.tiles.virtualearth.net/tiles/be000321233323110-7-5-19-{tileId}.jpeg?g=6617&key=BING_API_KEY,t0,42.02693978150531,12.492510986328124,4,3,512,512,12 Aug 2008 GMT,12 Aug 2008 GMT
http://ak.{subdomain}.tiles.virtualearth.net/tiles/be000321233323111-7-5-19-{tileId}.jpeg?g=6617&key=BING_API_KEY,t0,42.02693978150531,12.496630859375,4,3,512,512,12 Aug 2008 GMT,12 Aug 2008 GMT
http://ak.{subdomain}.tiles.virtualearth.net/tiles/be000321313232231-7-5-19-{tileId}.jpeg?g=6617&key=BING_API_KEY,t0,42.02693978150531,12.500750732421874,4,3,512,512,12 Aug 2008 GMT,12 Aug 2008 GMT
http://ak.{subdomain}.tiles.virtualearth.net/tiles/be000321211113210-7-5-19-{tileId}.jpeg?g=6617&key=BING_API_KEY,t0,42.02693978150531,12.50487060546875,4,3,512,512,12 Aug 2008 GMT,12 Aug 2008 GMT
http://ak.{subdomain}.tiles.virtualearth.net/tiles/be000321313222100-7-5-19-{tileId}.jpeg?g=6617&key=BING_API_KEY,t0,42.02693978150531,12.508990478515624,4,3,512,512,12 Aug 2008 GMT,12 Aug 2008 GMT
http://ak.{subdomain}.tiles.virtualearth.net/tiles/be000321313222101-7-5-19-{tileId}.jpeg?g=6617&key=BING_API_KEY,t0,42.02693978150531,12.5131103515625,4,3,512,512,12 Aug 2008 GMT,12 Aug 2008 GMT
http://ak.{subdomain}.tiles.virtualearth.net/tiles/be000321313222102-7-5-19-{tileId}.jpeg?g=6617&key=BING_API_KEY,t0,42.02693978150531,12.517230224609374,4,3,512,512,12 Aug 2008 GMT,12 Aug 2008 GMT
http://ak.{subdomain}.tiles.virtualearth.net/tiles/be000321233323313-7-5-19-{tileId}.jpeg?g=6617&key=BING_API_KEY,t0,42.02693978150531,12.52135009765625,4,3,512,512,12 Aug 2008 GMT,12 Aug 2008 GMT
http://ak.{subdomain}.tiles.virtualearth.net/tiles/be000321222300030-7-5-19-{tileId}.jpeg?g=6617&key=BING_API_KEY,t0,42.02693978150531,12.525469970703124,4,3,512,512,12 Aug 2008 GMT,12 Aug 2008 GMT
http://ak.{subdomain}.tiles.virtualearth.net/tiles/be000321232310201-7-5-19-{tileId}.jpeg?g=6617&key=BING_API_KEY,t0,42.02693978150531,12.52958984375,4,3,512,512,12 Aug 2008 GMT,12 Aug 2008 GMT
http://ak.{subdomain}.tiles.virtualearth.net/tiles/be000321231320031-7-5-19-{tileId}.jpeg?g=6617&key=BING_API_KEY,t0,42.02693978150531,12.533709716796874,4,3,512,512,12 Aug 2008 GMT,12 Aug 2008 GMT
http://ak.{subdomain}.tiles.virtualearth.net/tiles/be000321231320032-7-5-19-{tileId}.jpeg?g=6617&key=BING_API_KEY,t0,42.02693978150531,12.53782958984375,4,3,512,512,12 Aug 2008 GMT,12 Aug 2008 GMT
http://ak.{subdomain}.tiles.virtualearth.net/tiles/be000321211021222-7-5-19-{tileId}.jpeg?g=6617&key=BING_API_KEY,t0,42.02693978150531,12.541949462890624,4,3,512,512,12 Aug 2008 GMT,12 Aug 2008 GMT
http://ak.{subdomain}.tiles.virtualearth.net/tiles/be000321231320230-7-5-19-{tileId}.jpeg?g=6617&key=BING_API_KEY,t0,42.02693978150531,12.5460693359375,4,3,512,512,12 Aug 2008 GMT,12 Aug 2008 GMT
http://ak.{subdomain}.tiles.virtualearth.net/tiles/be000321311111133-7-5-19-{tileId}.jpeg?g=6617&key=BING_API_KEY,t0,42.02693978150531,12.550189208984374,4,3,512,512,12 Aug 2008 GMT,12 Aug 2008 GMT
http://ak.{subdomain}.tiles.virtualearth.net/tiles/be000321211022221-7-5-19-{tileId}.jpeg?g=6617&key=BING_API_KEY,t0,42.02693978150531,12.55430908203125,4,3,512,512,12 Aug 2008 GMT,12 Aug 2008 GMT
http://ak.{subdomain}.tiles.virtualearth.net/tiles/be000321311111200-7-5-19-{tileId}.jpeg?g=6617&key=BING_API_KEY,t0,42.02693978150531,12.558428955078124,4,3,512,512,12 Aug 2008 GMT,12 Aug 2008 GMT
http://ak.{subdomain}.tiles.virtualearth.net/tiles/be000321311111201-7-5-19-{tileId}.jpeg?g=6617&key=BING_API_KEY,t0,42.02693978150531,12.562548828125,4,3,512,512,12 Aug 2008 GMT,12 Aug 2008 GMT
http://ak.{subdomain}.tiles.virtualearth.net/tiles/be000321302210332-7-5-19-{tileId}.jpeg?g=6617&key=BING_API_KEY,t0,42.02693978150531,12.566668701171874,4,3,512,512,12 Aug 2008 GMT,12 Aug 2008 GMT
http://ak.{subdomain}.tiles.virtualearth.net/tiles/be000321302210333-7-5-19-{tileId}.jpeg?g=6617&key=BING_API_KEY,t0,42.02693978150531,12.57078857421875,4,3,512,512,12 Aug 2008 GMT,12 Aug 2008 GMT
http://ak.{subdomain}.tiles.virtualearth.net/tiles/be000321302211000-7-5-19-{tileId}.jpeg?g=6617&key=BING_API_KEY,t0,42.02693978150531,12.574908447265624,4,3,512,512,12 Aug 2008 GMT,12 Aug 2008 GMT
http://ak.{subdomain}.tiles.virtualearth.net/tiles/be000321213012132-7-5-19-{tileId}.jpeg?g=6617&key=BING_API_KEY,t0,42.02693978150531,12.5790283203125,4,3,512,512,12 Aug 2008 GMT,12 Aug 2008 GMT
http://ak.{subdomain}.tiles.virtualearth.net/tiles/be000321232003323-7-5-19-{tileId}.jpeg?g=6617&key=BING_API_KEY,t0,42.02693978150531,12.583148193359374,4,3,512,512,12 Aug 2008 GMT,12 Aug 2008 GMT
http://ak.{subdomain}.tiles.virtualearth.net/tiles/be000321302212221-7-5-19-{tileId}.jpeg?g=6617&key=BING_API_KEY,t0,42.02693978150531,12.58726806640625,4,3,512,512,12 Aug 2008 GMT,12 Aug 2008 GMT
http://ak.{subdomain}.tiles.virtualearth.net/tiles/be000321302212222-7-5-19-{tileId}.jpeg?g=6617&key=BING_API_KEY,t0,42.02693978150531,12.591387939453124,4,3,512,512,12 Aug 2008 GMT,12 Aug 2008 GMT
http://ak.{subdomain}.tiles.virtualearth.net/tiles/be000321302212223-7-5-19-{tileId}.jpeg?g=6617&key=BING_API_KEY,t0,42.02693978150531,12.5955078125,4,3,512,512,12 Aug 2008 GMT,12 Aug 2008 GMT
http://ak.{subdomain}.tiles.virtualearth.net/tiles/be000321302212230-7-5-19-{tileId}.jpeg?g=6617&key=BING_API_KEY,t0,42.02693978150531,12.599627685546874,4,3,512,512,12 Aug 2008 GMT,12 Aug 2008 GMT
http://ak.{subdomain}.tiles.virtualearth.net/tiles/be000321212113112-7-5-19-{tileId}.jpeg?g=6617&key=BING_API_KEY,t0,42.02693978150531,12.60374755859375,4,3,512,512,12 Aug 2008 GMT,12 Aug 2008 GMT
http://ak.{subdomain}.tiles.virtualearth.net/tiles/be000321320010100-7-5-19-{tileId}.jpeg?g=6617&key=BING_API_KEY,t0,42.02693978150531,12.607867431640624,4,3,512,512,12 Aug 2008 GMT,12 Aug 2008 GMT
http://ak.{subdomain}.tiles.virtualearth.net/tiles/be000321310130301-7-5-19-{tileId}.jpeg?g=6617&key=BING_API_KEY,t0,42.02693978150531,12.6119873046875,4,3,512,512,12 Aug 2008 GMT,12 Aug 2008 GMT
http://ak.{subdomain}.tiles.virtualearth.net/tiles/be000321310210100-7-5-19-{tileId}.jpeg?g=6617&key=BING_API_KEY,t0,42.02693978150531,12.616107177734374,4,3,512,512,12 Aug 2008 GMT,12 Aug 2008 GMT
http://ak.{subdomain}.tiles.virtualearth.net/tiles/be000321310130302-7-5-19-{tileId}.jpeg?g=6617&key=BING_API_KEY,t0,42.02693978150531,12.62022705078125,4,3,512,512,12 Aug 2008 GMT,12 Aug 2008 GMT
http://ak.{subdomain}.tiles.virtualearth.net/tiles/be000321310210101-7-5-19-{tileId}.jpeg?g=6617&key=BING_API_KEY,t0,42.02693978150531,12.624346923828124,4,3,512,512,12 Aug 2008 GMT,12 Aug 2008 GMT
http://ak.{subdomain}.tiles.virtualearth.net/tiles/be000321230311133-7-5-19-{tileId}.jpeg?g=6617&key=BING_API_KEY,t0,42.02693978150531,12.628466796875,4,3,512,512,12 Aug 2008 GMT,12 Aug 2008 GMT
http://ak.{subdomain}.tiles.virtualearth.net/tiles/be000321331120202-8-6-19-{tileId}.jpeg?g=6617&key=BING_API_KEY,t0,42.02693978150531,12.698504638671874,4,3,512,512,17 May 2006 GMT,17 May 2006 GMT
http://ak.{subdomain}.tiles.virtualearth.net/tiles/be000321331120202-8-6-19-{tileId}.jpeg?g=6617&key=BING_API_KEY,t0,42.02693978150531,12.70262451171875,4,3,512,512,17 May 2006 GMT,17 May 2006 GMT
http://ak.{subdomain}.tiles.virtualearth.net/tiles/be000321331121130-8-6-19-{tileId}.jpeg?g=6617&key=BING_API_KEY,t0,42.02693978150531,12.706744384765624,4,3,512,512,17 May 2006 GMT,17 May 2006 GMT
http://ak.{subdomain}.tiles.virtualearth.net/tiles/be000321331121131-8-6-19-{tileId}.jpeg?g=6617&key=BING_API_KEY,t0,42.02693978150531,12.7108642578125,4,3,512,512,17 May 2006 GMT,17 May 2006 GMT
http://ak.{subdomain}.tiles.virtualearth.net/tiles/be000321331121132-8-6-19-{tileId}.jpeg?g=6617&key=BING_API_KEY,t0,42.02693978150531,12.714984130859374,4,3,512,512,17 May 2006 GMT,17 May 2006 GMT
http://ak.{subdomain}.tiles.virtualearth.net/tiles/be000321331121133-8-6-19-{tileId}.jpeg?g=6617&key=BING_API_KEY,t0,42.02693978150531,12.71910400390625,4,3,512,512,17 May 2006 GMT,17 May 2006 GMT
http://ak.{subdomain}.tiles.virtualearth.net/tiles/be000321331121133-8-6-19-{tileId}.jpeg?g=6617&key=BING_API_KEY,t0,42.02693978150531,12.723223876953124,4,3,512,512,17 May 2006 GMT,17 May 2006 GMT
http://ak.{subdomain}.tiles.virtualearth.net/tiles/be000321331122321-8-6-19-{tileId}.jpeg?g=6617&key=BING_API_KEY,t0,42.02693978150531,12.72734375,4,3,512,512,17 May 2006 GMT,17 May 2006 GMT
http://ak.{subdomain}.tiles.virtualearth.net/tiles/be000321331122322-8-6-19-{tileId}.jpeg?g=6617&key=BING_API_KEY,t0,42.02693978150531,12.731463623046874,4,3,512,512,17 May 2006 GMT,17 May 2006 GMT
http://ak.{subdomain}.tiles.virtualearth.net/tiles/be000321331122223-8-6-19-{tileId}.jpeg?g=6617&key=BING_API_KEY,t0,42.02693978150531,12.73558349609375,4,3,512,512,17 May 2006 GMT,17 May 2006 GMT
http://ak.{subdomain}.tiles.virtualearth.net/tiles/be000321331122330-8-6-19-{tileId}.jpeg?g=6617&key=BING_API_KEY,t0,42.02693978150531,12.739703369140624,4,3,512,512,17 May 2006 GMT,17 May 2006 GMT
http://ak.{subdomain}.tiles.virtualearth.net/tiles/be000321331130103-8-6-19-{tileId}.jpeg?g=6617&key=BING_API_KEY,t0,42.02693978150531,12.7438232421875,4,3,512,512,17 May 2006 GMT,17 May 2006 GMT
http://ak.{subdomain}.tiles.virtualearth.net/tiles/be000321331130110-8-6-19-{tileId}.jpeg?g=6617&key=BING_API_KEY,t0,42.02693978150531,12.747943115234374,4,3,512,512,17 May 2006 GMT,17 May 2006 GMT
http://ak.{subdomain}.tiles.virtualearth.net/tiles/be000321331130110-8-6-19-{tileId}.jpeg?g=6617&key=BING_API_KEY,t0,42.02693978150531,12.75206298828125,4,3,512,512,17 May 2006 GMT,17 May 2006 GMT
http://ak.{subdomain}.tiles.virtualearth.net/tiles/be000321331130111-8-6-19-{tileId}.jpeg?g=6617&key=BING_API_KEY,t0,42.02693978150531,12.756182861328124,4,3,512,512,17 May 2006 GMT,17 May 2006 GMT
http://ak.{subdomain}.tiles.virtualearth.net/tiles/be000321331130112-8-6-19-{tileId}.jpeg?g=6617&key=BING_API_KEY,t0,42.02693978150531,12.760302734375,4,3,512,512,17 May 2006 GMT,17 May 2006 GMT
http://ak.{subdomain}.tiles.virtualearth.net/tiles/be000321331131301-8-6-19-{tileId}.jpeg?g=6617&key=BING_API_KEY,t0,42.02693978150531,12.764422607421874,4,3,512,512,17 May 2006 GMT,17 May 2006 GMT